{"assets": {"uris": {"jre-7u76-linux-x64-tar-gz": "https://downloads.mesosphere.com/java/jre-7u76-linux-x64.tar.gz", "cassandra-mesos-0-2-0-1-tar-gz": "https://downloads.mesosphere.com/cassandra-mesos/artifacts/0.2.0-1/cassandra-mesos-0.2.0-1.tar.gz"}}, "images": {"icon-small": "https://downloads.mesosphere.com/cassandra-mesos/assets/cassandra-small.png", "icon-medium": "https://downloads.mesosphere.com/cassandra-mesos/assets/cassandra-medium.png", "icon-large": "https://downloads.mesosphere.com/cassandra-mesos/assets/cassandra-large.png"}}