{"assets": {"uris": {"log4j-properties": "http://downloads.mesosphere.com.s3.amazonaws.com/assets/spark/log4j.properties"}, "container": {"docker": {"23b1cfe8e04a": "docker.io/mesosphere/spark:1.5.0-multi-roles-v2-bin-2.4.0"}}}, "images": {"icon-small": "https://downloads.mesosphere.io/spark/assets/icon-service-spark-small.png", "icon-medium": "https://downloads.mesosphere.io/spark/assets/icon-service-spark-medium.png", "icon-large": "https://downloads.mesosphere.io/spark/assets/icon-service-spark-large.png"}}