{"assets": {"container": {"docker": {"serviceengine": "avinetworks/se", "controller": "avinetworks/controller"}}}, "images": {"screenshots": ["https://s3-us-west-2.amazonaws.com/dcos/security.png", "https://s3-us-west-2.amazonaws.com/dcos/selfservice.png", "https://s3-us-west-2.amazonaws.com/dcos/healthscore.png", "https://s3-us-west-2.amazonaws.com/dcos/analytics.png"], "icon-small": "https://s3-us-west-2.amazonaws.com/dcos/avi-small.png", "icon-medium": "https://s3-us-west-2.amazonaws.com/dcos/avi-medium.jpg", "icon-large": "https://s3-us-west-2.amazonaws.com/dcos/avi-high.jpg"}}