{"assets": {"uris": {"kafka_2-10-0-9-0-0-tgz": "https://s3-eu-west-1.amazonaws.com/downloads.mesosphere.com/kafka/kafka_2.10-0.9.0.0.tgz", "jre-7u79-openjdk-tgz": "https://s3-eu-west-1.amazonaws.com/downloads.mesosphere.com/kafka/jre-7u79-openjdk.tgz", "kafka-mesos-0-9-4-0-jar": "https://s3-eu-west-1.amazonaws.com/downloads.mesosphere.com/kafka/kafka-mesos-0.9.4.0.jar"}}, "images": {"screenshots": ["https://d1vubr0evspla.cloudfront.net/img/screen-0-kafka.png"], "icon-small": "https://d1vubr0evspla.cloudfront.net/img/icon-small.png", "icon-medium": "https://d1vubr0evspla.cloudfront.net/img/icon-medium.png", "icon-large": "https://d1vubr0evspla.cloudfront.net/img/icon-large.png"}}