{"assets": {"container": {"docker": {"f8c203e427cc": "quobyte/quobyte-mesos", "f304cf7ccc31": "kubermatic/quobyte-server:1.2.7"}}}, "images": {"screenshots": ["http://www.quobyte.com/mesos/screen-1.png", "http://www.quobyte.com/mesos/screen-2.png", "http://www.quobyte.com/mesos/screen-3.png"], "icon-small": "https://downloads.mesosphere.com/universe/assets/icon-service-quobyte-small.png", "icon-medium": "https://downloads.mesosphere.com/universe/assets/icon-service-quobyte-medium.png", "icon-large": "https://downloads.mesosphere.com/universe/assets/icon-service-quobyte-large.png"}}