{"assets": {"uris": {"crate-mesos-0-1-0-tar-gz": "https://cdn.crate.io/downloads/releases/crate-mesos-0.1.0.tar.gz", "jre-7u80-linux-tar-gz": "https://cdn.crate.io/downloads/openjdk/jre-7u80-linux.tar.gz"}}, "images": {"icon-small": "https://downloads.mesosphere.com/universe/assets/icon-service-crate-small.png", "icon-medium": "https://downloads.mesosphere.com/universe/assets/icon-service-crate-medium.png", "icon-large": "https://downloads.mesosphere.com/universe/assets/icon-service-crate-large.png"}}