{"assets": {"uris": {"scheduler-zip": "https://downloads.mesosphere.com/kafka/assets/1.1.9-0.10.0.0/scheduler.zip", "kafka_tgz": "https://downloads.mesosphere.com/kafka/assets/kafka_2.11-0.10.0.0.tgz", "jre-tar-gz": "https://downloads.mesosphere.com/kafka/assets/jre-8u91-linux-x64.tar.gz", "executor-zip": "https://downloads.mesosphere.com/kafka/assets/1.1.9-0.10.0.0/executor.zip", "overrider-zip": "https://downloads.mesosphere.com/kafka/assets/1.1.9-0.10.0.0/overrider.zip"}}, "images": {"icon-small": "https://downloads.mesosphere.com/universe/assets/icon-service-kafka-small.png", "icon-medium": "https://downloads.mesosphere.com/universe/assets/icon-service-kafka-medium.png", "icon-large": "https://downloads.mesosphere.com/universe/assets/icon-service-kafka-large.png"}}