{"assets": {"uris": {"riak_mesos_linux_amd64_0-1-1-tar-gz": "http://riak-tools.s3.amazonaws.com/riak-mesos/coreos/riak_mesos_linux_amd64_0.1.1.tar.gz"}}, "images": {"screenshots": ["http://riak-tools.s3.amazonaws.com/riak-mesos/riak-mesos-screenshot.png"], "icon-small": "https://downloads.mesosphere.com/universe/assets/icon-service-riak-small.png", "icon-medium": "https://downloads.mesosphere.com/universe/assets/icon-service-riak-medium.png", "icon-large": "https://downloads.mesosphere.com/universe/assets/icon-service-riak-large.png"}}