{"assets": {"uris": {"jre-7u76-linux-x64-tar-gz": "https://downloads.mesosphere.com/java/jre-7u76-linux-x64.tar.gz", "hdfs-mesos-0-1-5-tgz": "https://downloads.mesosphere.com/hdfs/artifacts/dcos/0.1.5/hdfs-mesos-0.1.5.tgz"}}, "images": {"icon-small": "https://downloads.mesosphere.com/hdfs/assets/icon-service-hdfs-small.png", "icon-medium": "https://downloads.mesosphere.com/hdfs/assets/icon-service-hdfs-medium.png", "icon-large": "https://downloads.mesosphere.com/hdfs/assets/icon-service-hdfs-large.png"}}