{"assets": {"container": {"docker": {"gestalt-api-proxy": "galacticfog.artifactoryonline.com/gestalt-api-proxy:0.5.10-2be07298", "gestalt-meta": "galacticfog.artifactoryonline.com/gestalt-meta:0.3.3-SNAPSHOT-8a91ccd0", "gestalt-api-gateway": "galacticfog.artifactoryonline.com/gestalt-api-gateway:1.0.3-SNAPSHOT-ebf0f14b", "gestalt-ui": "galacticfog.artifactoryonline.com/gestalt-ui:0.8.1-8ef1fbf5", "gestalt-dcos": "galacticfog.artifactoryonline.com/gestalt-dcos:latest", "gestalt-data": "galacticfog.artifactoryonline.com/gestalt-data:latest", "gestalt-rabbit": "rabbitmq:3-management", "gestalt-lambda": "galacticfog.artifactoryonline.com/gestalt-lambda:1.0.4-SNAPSHOT-07dd8199", "gestalt-security": "galacticfog.artifactoryonline.com/gestalt-security:2.2.5-SNAPSHOT-ec05ef5a", "gestalt-kong": "galacticfog/kong:0.8.0", "gestalt-policy": "galacticfog.artifactoryonline.com/gestalt-policy:0.0.2-SNAPSHOT-d7805889"}}, "uris": {}}, "images": {"icon-small": "https://s3.amazonaws.com/gfi.misc/Gestalt-Icon-Small.png", "icon-large": "https://s3.amazonaws.com/gfi.misc/Gestalt-Icon-Large.png", "icon-medium": "https://s3.amazonaws.com/gfi.misc/Gestalt-Icon-Medium.png"}}